<?xml version="1.0" encoding="UTF-8"?>
<!DOCTYPE suite SYSTEM "http://testng.org/testng-1.0.dtd" >
<suite name="TestNG Test Suite" parallel="tests" thread-count="1">

	<test name="Google Search" allow-return-values="true">
		<parameter name="browserName" value="Chrome" />

		<classes>
			<class name="com.stepDefinition.steps.ExercisesStepDef">
				<methods>
					<include name="Exercise1_GoogleSearch" />
				</methods>
			</class>
		</classes>
	</test>

	<test name="Expedia Flight booking" allow-return-values="true">
		<parameter name="browserName" value="Chrome" />
		<classes>
			<class name="com.stepDefinition.steps.ExercisesStepDef">
				<methods>
					<include name="Exercise2_ExpediaFlightBookings" />
				</methods>
			</class>
		</classes>
	</test>

</suite>
